ID,ROLE,CONTENT
1,assistant,Bonjour ! Comment puis-je vous aider aujourd'hui ?
1,user,"Bonjour, j'ai besoin d'informations sur vos services."
1,assistant,"Bien sûr ! Nous offrons une gamme de services incluant le support technique, la gestion de projets, et la consultation. Quel type de service recherchez-vous ?"
1,user,Je suis intéressé par la gestion de projets. Pouvez-vous m'en dire plus ?
1,assistant,"Absolument. Nos services de gestion de projets incluent la planification, l'exécution, le suivi et la clôture de projets. Nous utilisons les meilleures pratiques pour garantir le succès de vos projets."
1,user,Cela semble intéressant. Quels sont vos tarifs ?
1,assistant,"Nos tarifs varient en fonction de la taille et de la complexité du projet. Pour un devis précis, pourriez-vous fournir plus de détails sur votre projet ?"
1,user,"Oui, nous avons un projet de développement logiciel d'environ 6 mois."
2,assistant,Merci pour ces informations. Nous allons évaluer votre projet et vous fournir un devis détaillé. Puis-je avoir votre adresse email pour vous envoyer les détails ?
2,user,"Bien sûr, c'est utilisateur@example.com."
2,assistant,Merci ! Nous vous enverrons les informations sous peu. Avez-vous d'autres questions en attendant ?
2,user,"Non, c'est tout pour le moment. Merci beaucoup !"
2,assistant,Avec plaisir ! Bonne journée.