ID,ROLE,CONTENT
1,assistant,"Bonjour ! Comment puis-je vous aider aujourd'hui ?"
1,user,"Bonjour, j'ai besoin d'informations sur vos services."
1,assistant,"Bien sûr ! Nous offrons une gamme de services incluant le support technique, la gestion de projets, et la consultation. Quel type de service recherchez-vous ?"
1,user,"Je suis intéressé par la gestion de projets. Pouvez-vous m'en dire plus ?"
1,assistant,"Absolument. Nos services de gestion de projets incluent la planification, l'exécution, le suivi et la clôture de projets. Nous utilisons les meilleures pratiques pour garantir le succès de vos projets."
1,user,"Cela semble intéressant. Quels sont vos tarifs ?"
1,assistant,"Nos tarifs varient en fonction de la taille et de la complexité du projet. Pour un devis précis, pourriez-vous fournir plus de détails sur votre projet ?"
1,user,"Oui, nous avons un projet de développement logiciel d'environ 6 mois."

1,assistant,"Merci pour ces informations. Nous allons évaluer votre projet et vous fournir un devis détaillé. Puis-je avoir votre adresse email pour vous envoyer les détails ?"
1,user,"Bien sûr, c'est utilisateur@example.com."
1,assistant,"Merci ! Nous vous enverrons les informations sous peu. Avez-vous d'autres questions en attendant ?"
1,user,"Non, c'est tout pour le moment. Merci beaucoup !"
1,assistant,"Avec plaisir ! Bonne journée."

2,assistant,"Bonjour ! Comment puis-je vous aider aujourd'hui ?"
2,user,"Bonjour, je voudrais des informations sur vos offres de support technique."
2,assistant,"Bien sûr ! Nous proposons plusieurs niveaux de support technique, allant de l'assistance de base à une assistance 24/7 avec des temps de réponse garantis. Quel type de support recherchez-vous ?"
2,user,"Nous aurions besoin d'un support 24/7 pour nos serveurs."
2,assistant,"Parfait. Notre support 24/7 inclut la surveillance continue des serveurs, des interventions rapides en cas de panne, et un accès prioritaire à notre équipe d'experts. Puis-je avoir votre adresse email pour vous envoyer une proposition détaillée ?"
2,user,"Mon email est techsupport@example.com."
2,assistant,"Merci. Nous vous enverrons les informations sous peu. Avez-vous d'autres questions pour le moment ?"
2,user,"Oui, quels sont les temps de réponse que vous garantissez avec ce service ?"
2,assistant,"Nous garantissons un temps de réponse initial de 15 minutes pour les incidents critiques. Vous recevrez également des rapports mensuels détaillant les interventions et les performances. Est-ce que cela répond à vos attentes ?"
2,user,"Oui, c'est exactement ce que nous recherchons. Merci pour les informations."
2,assistant,"Avec plaisir ! Si vous avez d'autres questions, n'hésitez pas à nous contacter. Bonne journée."
2,user,"Merci, bonne journée."

3,assistant,"Bonjour ! Comment puis-je vous aider aujourd'hui ?"
3,user,"Je rencontre des problèmes techniques avec mon logiciel."
3,assistant,"D'accord, quel type de problème rencontrez-vous exactement ?"
3,user,"Le logiciel plante chaque fois que j'essaie de l'ouvrir."
3,assistant,"Avez-vous essayé de redémarrer votre ordinateur et de relancer le logiciel ?"
3,user,"Oui, mais cela n'a pas résolu le problème."
3,assistant,"Je vais vous mettre en relation avec notre équipe technique spécialisée. Pouvez-vous me donner votre numéro de téléphone ?"
3,user,"Oui, c'est le 0123456789."
3,assistant,"Merci. Un technicien vous contactera sous peu pour résoudre le problème."

4,assistant,"Bonjour ! Comment puis-je vous aider aujourd'hui ?"
4,user,"Je voudrais en savoir plus sur votre service de consultation."
4,assistant,"Nous offrons des services de consultation dans divers domaines comme l'optimisation des processus, le développement stratégique et l'innovation. Quel domaine vous intéresse ?"
4,user,"Je suis intéressé par l'optimisation des processus."
4,assistant,"Nous pouvons vous aider à identifier et améliorer les inefficacités dans vos processus opérationnels. Pourriez-vous me donner plus de détails sur vos besoins spécifiques ?"
4,user,"Nous avons des problèmes de coordination entre différents départements."
4,assistant,"Nous pouvons certainement vous aider à améliorer la coordination. Puis-je avoir votre email pour organiser une consultation initiale ?"
4,user,"Bien sûr, c'est contact@example.com."
4,assistant,"Merci, nous vous contacterons pour organiser cela. Avez-vous d'autres questions ?"
4,user,"Non, merci."

5,assistant,"Bonjour ! Comment puis-je vous aider aujourd'hui ?"
5,user,"Je voudrais savoir si vous offrez des formations pour les nouvelles technologies."
5,assistant,"Oui, nous offrons des formations sur diverses technologies émergentes. Quelle technologie vous intéresse ?"
5,user,"Je suis intéressé par la blockchain."
5,assistant,"Excellent choix. Nous avons des programmes de formation sur la blockchain adaptés à différents niveaux de compétence. Voulez-vous plus de détails sur ces programmes ?"
5,user,"Oui, s'il vous plaît."
5,assistant,"Nos programmes incluent des cours en ligne, des ateliers pratiques et des sessions de mentorat. Puis-je avoir votre email pour vous envoyer le catalogue de formation ?"
5,user,"Mon email est tech@example.com."
5,assistant,"Merci ! Nous vous enverrons le catalogue sous peu. Avez-vous d'autres questions ?"
5,user,"Pas pour le moment, merci."

6,assistant,"Bonjour ! Comment puis-je vous aider aujourd'hui ?"
6,user,"J'ai des questions sur la compatibilité de votre logiciel avec notre système actuel."
6,assistant,"Je peux certainement vous aider avec cela. Pouvez-vous me dire quel système vous utilisez actuellement ?"
6,user,"Nous utilisons Windows 10."
6,assistant,"Notre logiciel est entièrement compatible avec Windows 10. Avez-vous des préoccupations spécifiques à ce sujet ?"
6,user,"Oui, nous avons des problèmes de performance."
6,assistant,"Je vais transmettre ces informations à notre équipe technique pour une analyse approfondie. Pouvez-vous me donner votre adresse email pour un suivi ?"
6,user,"Mon email est support@example.com."
6,assistant,"Merci. Nous vous contacterons avec une solution. Avez-vous d'autres questions en attendant ?"
6,user,"Non, merci."

7,assistant,"Bonjour ! Comment puis-je vous aider aujourd'hui ?"
7,user,"Je voudrais mettre à jour notre abonnement."
7,assistant,"Je peux vous aider avec cela. Quel type d'abonnement avez-vous actuellement ?"
7,user,"Nous avons l'abonnement standard."
7,assistant,"Souhaitez-vous passer à l'abonnement premium ?"
7,user,"Oui, quelles sont les différences ?"
7,assistant,"L'abonnement premium offre des fonctionnalités avancées telles que le support prioritaire et des outils supplémentaires de gestion de projet. Voulez-vous procéder à la mise à jour ?"
7,user,"Oui, faisons cela."
7,assistant,"Parfait. Je vais effectuer la mise à jour immédiatement. Vous recevrez une confirmation par email."
7,user,"Merci beaucoup."

8,assistant,"Bonjour ! Comment puis-je vous aider aujourd'hui ?"
8,user,"Je cherche des informations sur vos politiques de retour."
8,assistant,"Nos politiques de retour sont assez flexibles. Quel produit souhaitez-vous retourner ?"
8,user,"Je veux retourner un logiciel que nous avons acheté la semaine dernière."
8,assistant,"Vous pouvez retourner le logiciel dans les 30 jours suivant l'achat pour un remboursement complet. Avez-vous le numéro de commande ?"
8,user,"Oui, c'est 12345."
8,assistant,"Merci. Nous allons traiter votre demande de retour. Vous recevrez une confirmation par email."
8,user,"Merci."

9,assistant,"Bonjour ! Comment puis-je vous aider aujourd'hui ?"
9,user,"Je souhaite parler à un gestionnaire de compte."
9,assistant,"Bien sûr. Puis-je connaître le sujet de votre demande afin de vous diriger vers la bonne personne ?"
9,user,"C'est au sujet de notre contrat en cours."
9,assistant,"Je vais vous mettre en relation avec notre gestionnaire de compte. Puis-je avoir votre nom et numéro de compte ?"
9,user,"Je m'appelle Jean Dupont et notre numéro de compte est 67890."
9,assistant,"Merci. Un gestionnaire de compte vous contactera sous peu."
9,user,"Merci beaucoup."

10,assistant,"Bonjour ! Comment puis-je vous aider aujourd'hui ?"
10,user,"Je voudrais des informations sur les mises à jour de sécurité pour votre logiciel."
10,assistant,"Nous publions régulièrement des mises à jour de sécurité pour garantir la protection de vos données. Voulez-vous savoir comment les installer ?"
10,user,"Oui, ce serait utile."
10,assistant,"Pour installer les mises à jour, allez dans le menu 'Paramètres' de votre logiciel et sélectionnez 'Mises à jour'. Puis-je vous envoyer un guide détaillé par email ?"
10,user,"Oui, mon email est secure@example.com."
10,assistant,"Merci. Vous recevrez le guide sous peu. Avez-vous d'autres questions ?"
10,user,"Non, c'est tout. Merci."
10,assistant,"Avec plaisir ! Bonne journée."
