ID,ROLE,CONTENT,DATE
1,assistant,"Bonjour ! Comment puis-je vous aider aujourd'hui ?",01/01/2024
1,user,"Bonjour, j'ai besoin d'informations sur vos services.",01/01/2024
1,assistant,"Bien sûr ! Nous offrons une gamme de services incluant le support technique, la gestion de projets, et la consultation. Quel type de service recherchez-vous ?",01/01/2024
1,user,"Je suis intéressé par la gestion de projets. Pouvez-vous m'en dire plus ?",01/01/2024
1,assistant,"Absolument. Nos services de gestion de projets incluent la planification, l'exécution, le suivi et la clôture de projets. Nous utilisons les meilleures pratiques pour garantir le succès de vos projets.",01/01/2024
1,user,"Cela semble intéressant. Quels sont vos tarifs ?",01/01/2024
1,assistant,"Nos tarifs varient en fonction de la taille et de la complexité du projet. Pour un devis précis, pourriez-vous fournir plus de détails sur votre projet ?",01/01/2024
1,user,"Oui, nous avons un projet de développement logiciel d'environ 6 mois.",01/01/2024

1,assistant,"Merci pour ces informations. Nous allons évaluer votre projet et vous fournir un devis détaillé. Puis-je avoir votre adresse email pour vous envoyer les détails ?",01/01/2024
1,user,"Bien sûr, c'est utilisateur@example.com.",01/01/2024
1,assistant,"Merci ! Nous vous enverrons les informations sous peu. Avez-vous d'autres questions en attendant ?",01/01/2024
1,user,"Non, c'est tout pour le moment. Merci beaucoup !",01/01/2024
1,assistant,"Avec plaisir ! Bonne journée.",01/01/2024

2,assistant,"Bonjour ! Comment puis-je vous aider aujourd'hui ?",02/01/2024
2,user,"Bonjour, je voudrais des informations sur vos offres de support technique.",02/01/2024
2,assistant,"Bien sûr ! Nous proposons plusieurs niveaux de support technique, allant de l'assistance de base à une assistance 24/7 avec des temps de réponse garantis. Quel type de support recherchez-vous ?",02/01/2024
2,user,"Nous aurions besoin d'un support 24/7 pour nos serveurs.",02/01/2024
2,assistant,"Parfait. Notre support 24/7 inclut la surveillance continue des serveurs, des interventions rapides en cas de panne, et un accès prioritaire à notre équipe d'experts. Puis-je avoir votre adresse email pour vous envoyer une proposition détaillée ?",02/01/2024
2,user,"Mon email est techsupport@example.com.",02/01/2024
2,assistant,"Merci. Nous vous enverrons les informations sous peu. Avez-vous d'autres questions pour le moment ?",02/01/2024
2,user,"Oui, quels sont les temps de réponse que vous garantissez avec ce service ?",02/01/2024
2,assistant,"Nous garantissons un temps de réponse initial de 15 minutes pour les incidents critiques. Vous recevrez également des rapports mensuels détaillant les interventions et les performances. Est-ce que cela répond à vos attentes ?",02/01/2024
2,user,"Oui, c'est exactement ce que nous recherchons. Merci pour les informations.",02/01/2024
2,assistant,"Avec plaisir ! Si vous avez d'autres questions, n'hésitez pas à nous contacter. Bonne journée.",02/01/2024
2,user,"Merci, bonne journée.",02/01/2024

3,assistant,"Bonjour ! Comment puis-je vous aider aujourd'hui ?",03/01/2024
3,user,"Je rencontre des problèmes techniques avec mon logiciel.",03/01/2024
3,assistant,"D'accord, quel type de problème rencontrez-vous exactement ?",03/01/2024
3,user,"Le logiciel plante chaque fois que j'essaie de l'ouvrir.",03/01/2024
3,assistant,"Avez-vous essayé de redémarrer votre ordinateur et de relancer le logiciel ?",03/01/2024
3,user,"Oui, mais cela n'a pas résolu le problème.",03/01/2024
3,assistant,"Je vais vous mettre en relation avec notre équipe technique spécialisée. Pouvez-vous me donner votre numéro de téléphone ?",03/01/2024
3,user,"Oui, c'est le 0123456789.",03/01/2024
3,assistant,"Merci. Un technicien vous contactera sous peu pour résoudre le problème.",03/01/2024

4,assistant,"Bonjour ! Comment puis-je vous aider aujourd'hui ?",04/01/2024
4,user,"Je voudrais en savoir plus sur votre service de consultation.",04/01/2024
4,assistant,"Nous offrons des services de consultation dans divers domaines comme l'optimisation des processus, le développement stratégique et l'innovation. Quel domaine vous intéresse ?",04/01/2024
4,user,"Je suis intéressé par l'optimisation des processus.",04/01/2024
4,assistant,"Nous pouvons vous aider à identifier et améliorer les inefficacités dans vos processus opérationnels. Pourriez-vous me donner plus de détails sur vos besoins spécifiques ?",04/01/2024
4,user,"Nous avons des problèmes de coordination entre différents départements.",04/01/2024
4,assistant,"Nous pouvons certainement vous aider à améliorer la coordination. Puis-je avoir votre email pour organiser une consultation initiale ?",04/01/2024
4,user,"Bien sûr, c'est contact@example.com.",04/01/2024
4,assistant,"Merci, nous vous contacterons pour organiser cela. Avez-vous d'autres questions ?",04/01/2024
4,user,"Non, merci.",04/01/2024

5,assistant,"Bonjour ! Comment puis-je vous aider aujourd'hui ?",05/01/2024
5,user,"Je voudrais savoir si vous offrez des formations pour les nouvelles technologies.",05/01/2024
5,assistant,"Oui, nous offrons des formations sur diverses technologies émergentes. Quelle technologie vous intéresse ?",05/01/2024
5,user,"Je suis intéressé par la blockchain.",05/01/2024
5,assistant,"Excellent choix. Nous avons des programmes de formation sur la blockchain adaptés à différents niveaux de compétence. Voulez-vous plus de détails sur ces programmes ?",05/01/2024
5,user,"Oui, s'il vous plaît.",05/01/2024
5,assistant,"Nos programmes incluent des cours en ligne, des ateliers pratiques et des sessions de mentorat. Puis-je avoir votre email pour vous envoyer le catalogue de formation ?",05/01/2024
5,user,"Mon email est tech@example.com.",05/01/2024
5,assistant,"Merci ! Nous vous enverrons le catalogue sous peu. Avez-vous d'autres questions ?",05/01/2024
5,user,"Pas pour le moment, merci.",05/01/2024

6,assistant,"Bonjour ! Comment puis-je vous aider aujourd'hui ?",06/01/2024
6,user,"J'ai des questions sur la compatibilité de votre logiciel avec notre système actuel.",06/01/2024
6,assistant,"Je peux certainement vous aider avec cela. Pouvez-vous me dire quel système vous utilisez actuellement ?",06/01/2024
6,user,"Nous utilisons Windows 10.",06/01/2024
6,assistant,"Notre logiciel est entièrement compatible avec Windows 10. Avez-vous des préoccupations spécifiques à ce sujet ?",06/01/2024
6,user,"Oui, nous avons des problèmes de performance.",06/01/2024
6,assistant,"Je vais transmettre ces informations à notre équipe technique pour une analyse approfondie. Pouvez-vous me donner votre adresse email pour un suivi ?",06/01/2024
6,user,"Mon email est support@example.com.",06/01/2024
6,assistant,"Merci. Nous vous contacterons avec une solution. Avez-vous d'autres questions en attendant ?",06/01/2024
6,user,"Non, merci.",06/01/2024

7,assistant,"Bonjour ! Comment puis-je vous aider aujourd'hui ?",07/01/2024
7,user,"Je voudrais mettre à jour notre abonnement.",07/01/2024
7,assistant,"Je peux vous aider avec cela. Quel type d'abonnement avez-vous actuellement ?",07/01/2024
7,user,"Nous avons l'abonnement standard.",07/01/2024
7,assistant,"Souhaitez-vous passer à l'abonnement premium ?",07/01/2024
7,user,"Oui, quelles sont les différences ?",07/01/2024
7,assistant,"L'abonnement premium offre des fonctionnalités avancées telles que le support prioritaire et des outils supplémentaires de gestion de projet. Voulez-vous procéder à la mise à jour ?",07/01/2024
7,user,"Oui, faisons cela.",07/01/2024
7,assistant,"Parfait. Je vais effectuer la mise à jour immédiatement. Vous recevrez une confirmation par email.",07/01/2024
7,user,"Merci beaucoup.",07/01/2024

8,assistant,"Bonjour ! Comment puis-je vous aider aujourd'hui ?",08/01/2024
8,user,"Je cherche des informations sur vos politiques de retour.",08/01/2024
8,assistant,"Nos politiques de retour sont assez flexibles. Quel produit souhaitez-vous retourner ?",08/01/2024
8,user,"Je veux retourner un logiciel que nous avons acheté la semaine dernière.",08/01/2024
8,assistant,"Vous pouvez retourner le logiciel dans les 30 jours suivant l'achat pour un remboursement complet. Avez-vous le numéro de commande ?",08/01/2024
8,user,"Oui, c'est 12345.",08/01/2024
8,assistant,"Merci. Nous allons traiter votre demande de retour. Vous recevrez une confirmation par email.",08/01/2024
8,user,"Merci.",08/01/2024

9,assistant,"Bonjour ! Comment puis-je vous aider aujourd'hui ?",09/01/2024
9,user,"Je souhaite parler à un gestionnaire de compte.",09/01/2024
9,assistant,"Bien sûr. Puis-je connaître le sujet de votre demande afin de vous diriger vers la bonne personne ?",09/01/2024
9,user,"C'est au sujet de notre contrat en cours.",09/01/2024
9,assistant,"Je vais vous mettre en relation avec notre gestionnaire de compte. Puis-je avoir votre nom et numéro de compte ?",09/01/2024
9,user,"Je m'appelle Jean Dupont et notre numéro de compte est 67890.",09/01/2024
9,assistant,"Merci. Un gestionnaire de compte vous contactera sous peu.",09/01/2024
9,user,"Merci beaucoup.",09/01/2024

10,assistant,"Bonjour ! Comment puis-je vous aider aujourd'hui ?",10/01/2024
10,user,"Je voudrais des informations sur les mises à jour de sécurité pour votre logiciel.",10/01/2024
10,assistant,"Nous publions régulièrement des mises à jour de sécurité pour garantir la protection de vos données. Voulez-vous savoir comment les installer ?",10/01/2024
10,user,"Oui, ce serait utile.",10/01/2024
10,assistant,"Pour installer les mises à jour, allez dans le menu 'Paramètres' de votre logiciel et sélectionnez 'Mises à jour'. Puis-je vous envoyer un guide détaillé par email ?",10/01/2024
10,user,"Oui, mon email est secure@example.com.",10/01/2024
10,assistant,"Merci. Vous recevrez le guide sous peu. Avez-vous d'autres questions ?",10/01/2024
10,user,"Non, c'est tout. Merci.",10/01/2024
10,assistant,"Avec plaisir ! Bonne journée.",10/01/2024

11,assistant,"Bonjour ! Comment puis-je vous aider aujourd'hui ?",11/01/2024
11,user,"Bonjour, pouvez-vous m'aider à configurer mon nouveau compte utilisateur ?",11/01/2024
11,assistant,"Bien sûr ! Pour commencer, allez dans les paramètres et sélectionnez 'Créer un nouveau compte'.",11/01/2024
11,user,"Je suis dans les paramètres, quelle est la prochaine étape ?",11/01/2024
11,assistant,"Ensuite, entrez vos informations personnelles et suivez les instructions à l'écran.",11/01/2024
11,user,"D'accord, j'ai créé le compte. Comment puis-je définir des permissions ?",11/01/2024
11,assistant,"Vous pouvez définir des permissions en accédant à la section 'Gestion des utilisateurs' et en sélectionnant le compte que vous venez de créer.",11/01/2024
11,user,"Merci pour votre aide !",11/01/2024
11,assistant,"Avec plaisir ! Si vous avez d'autres questions, n'hésitez pas.",11/01/2024

12,assistant,"Bonjour ! Comment puis-je vous aider aujourd'hui ?",12/01/2024
12,user,"Bonjour, nous envisageons de migrer nos données vers votre service cloud. Pouvez-vous nous guider ?",12/01/2024
12,assistant,"Absolument. Nous avons un service de migration dédié qui vous accompagnera tout au long du processus. Avez-vous déjà un compte chez nous ?",12/01/2024
12,user,"Oui, nous avons un compte entreprise.",12/01/2024
12,assistant,"Parfait. Je vais vous mettre en contact avec notre équipe de migration. Pourriez-vous me fournir votre adresse email ?",12/01/2024
12,user,"Oui, c'est migration@example.com.",12/01/2024
12,assistant,"Merci. Notre équipe vous contactera sous peu pour planifier la migration.",12/01/2024
12,user,"Merci pour votre aide.",12/01/2024
12,assistant,"Avec plaisir ! Bonne journée.",12/01/2024

13,assistant,"Bonjour ! Comment puis-je vous aider aujourd'hui ?",13/01/2024
13,user,"Bonjour, je voudrais savoir si votre application mobile est compatible avec les iPhones.",13/01/2024
13,assistant,"Oui, notre application mobile est compatible avec les iPhones et peut être téléchargée depuis l'App Store.",13/01/2024
13,user,"Y a-t-il des fonctionnalités exclusives sur l'application mobile ?",13/01/2024
13,assistant,"L'application mobile inclut toutes les fonctionnalités de la version web, ainsi que des notifications push et une interface optimisée pour les appareils mobiles.",13/01/2024
13,user,"C'est super. Comment puis-je synchroniser mes données avec l'application ?",13/01/2024
13,assistant,"Une fois que vous avez installé l'application, connectez-vous avec vos identifiants habituels et vos données seront automatiquement synchronisées.",13/01/2024
13,user,"Merci pour l'information.",13/01/2024
13,assistant,"Avec plaisir ! Si vous avez d'autres questions, n'hésitez pas.",13/01/2024

14,assistant,"Bonjour ! Comment puis-je vous aider aujourd'hui ?",14/01/2024
14,user,"Bonjour, j'ai des questions sur la facturation de votre service.",14/01/2024
14,assistant,"Bien sûr. Quelle est votre question spécifique ?",14/01/2024
14,user,"Pouvez-vous m'expliquer comment fonctionne la facturation mensuelle ?",14/01/2024
14,assistant,"Nous facturons nos services sur une base mensuelle, à partir de la date de votre inscription. Vous recevrez une facture détaillée par email chaque mois.",14/01/2024
14,user,"Comment puis-je modifier mon mode de paiement ?",14/01/2024
14,assistant,"Pour modifier votre mode de paiement, connectez-vous à votre compte, allez dans 'Paramètres de facturation' et sélectionnez 'Modifier le mode de paiement'.",14/01/2024
14,user,"Merci, je vais faire cela.",14/01/2024
14,assistant,"Avec plaisir ! Si vous avez d'autres questions, n'hésitez pas.",14/01/2024

15,assistant,"Bonjour ! Comment puis-je vous aider aujourd'hui ?",15/01/2024
15,user,"Bonjour, pouvez-vous me donner des informations sur votre programme de partenariat ?",15/01/2024
15,assistant,"Bien sûr ! Notre programme de partenariat offre des avantages exclusifs, des commissions sur les ventes et un soutien marketing. Êtes-vous intéressé par un partenariat commercial ou technologique ?",15/01/2024
15,user,"Je suis intéressé par un partenariat commercial.",15/01/2024
15,assistant,"Excellent. Je vais vous envoyer les détails par email. Puis-je avoir votre adresse email ?",15/01/2024
15,user,"Oui, c'est partenaire@example.com.",15/01/2024
15,assistant,"Merci. Vous recevrez les informations sous peu.",15/01/2024
15,user,"Merci beaucoup.",15/01/2024
15,assistant,"Avec plaisir ! Bonne journée.",15/01/2024

16,assistant,"Bonjour ! Comment puis-je vous aider aujourd'hui ?",16/01/2024
16,user,"Bonjour, nous avons besoin d'une solution pour sécuriser nos données sensibles.",16/01/2024
16,assistant,"Nous offrons plusieurs solutions de sécurité, y compris le chiffrement des données et l'authentification à deux facteurs. Avez-vous des exigences spécifiques ?",16/01/2024
16,user,"Oui, nous voulons surtout protéger nos données financières.",16/01/2024
16,assistant,"Pour les données financières, nous recommandons notre solution de chiffrement avancé. Puis-je organiser une démonstration pour vous ?",16/01/2024
16,user,"Oui, ce serait utile.",16/01/2024
16,assistant,"Parfait. Puis-je avoir votre adresse email pour organiser cela ?",16/01/2024
16,user,"Mon email est finance@example.com.",16/01/2024
16,assistant,"Merci. Nous vous contacterons sous peu pour planifier la démonstration.",16/01/2024
16,user,"Merci beaucoup.",16/01/2024
16,assistant,"Avec plaisir ! Bonne journée.",16/01/2024

17,assistant,"Bonjour ! Comment puis-je vous aider aujourd'hui ?",17/01/2024
17,user,"Bonjour, pouvez-vous me dire si vous offrez des services de récupération de données ?",17/01/2024
17,assistant,"Oui, nous offrons des services de récupération de données pour divers types de supports. Quel type de données devez-vous récupérer ?",17/01/2024
17,user,"Nous avons perdu des fichiers importants sur notre serveur.",17/01/2024
17,assistant,"Je vais vous mettre en contact avec notre équipe de récupération de données. Pouvez-vous fournir des détails supplémentaires par email ?",17/01/2024
17,user,"Oui, mon email est datarecovery@example.com.",17/01/2024
17,assistant,"Merci. Notre équipe vous contactera pour obtenir plus de détails et commencer le processus de récupération.",17/01/2024
17,user,"Merci pour votre aide.",17/01/2024
17,assistant,"Avec plaisir ! Bonne journée.",17/01/2024

18,assistant,"Bonjour ! Comment puis-je vous aider aujourd'hui ?",18/01/2024
18,user,"Bonjour, j'ai des questions sur vos options de support pour les développeurs.",18/01/2024
18,assistant,"Nous offrons plusieurs options de support pour les développeurs, y compris des forums communautaires, une documentation détaillée et un support dédié. Quel type de support recherchez-vous ?",18/01/2024
18,user,"Nous aurions besoin d'un support dédié.",18/01/2024
18,assistant,"Parfait. Nous pouvons vous offrir un support dédié avec accès direct à nos ingénieurs. Puis-je avoir votre adresse email pour envoyer les détails ?",18/01/2024
18,user,"Oui, c'est devsupport@example.com.",18/01/2024
18,assistant,"Merci. Vous recevrez les informations sous peu.",18/01/2024
18,user,"Merci beaucoup.",18/01/2024
18,assistant,"Avec plaisir ! Bonne journée.",18/01/2024

19,assistant,"Bonjour ! Comment puis-je vous aider aujourd'hui ?",19/01/2024
19,user,"Bonjour, je voudrais savoir comment je peux suivre l'état de mes tickets de support.",19/01/2024
19,assistant,"Vous pouvez suivre l'état de vos tickets de support en vous connectant à votre compte et en accédant à la section 'Tickets de support'.",19/01/2024
19,user,"Que faire si je n'ai pas accès à mon compte ?",19/01/2024
19,assistant,"Si vous n'avez pas accès à votre compte, vous pouvez contacter notre support par téléphone ou email pour obtenir de l'aide.",19/01/2024
19,user,"Merci pour l'information.",19/01/2024
19,assistant,"Avec plaisir ! Si vous avez d'autres questions, n'hésitez pas.",19/01/2024

20,assistant,"Bonjour ! Comment puis-je vous aider aujourd'hui ?",20/01/2024
20,user,"Bonjour, pouvez-vous me donner des informations sur vos offres pour les petites entreprises ?",20/01/2024
20,assistant,"Bien sûr ! Nous offrons des solutions adaptées aux petites entreprises, incluant des outils de gestion, de facturation et de collaboration. Cherchez-vous quelque chose de spécifique ?",20/01/2024
20,user,"Oui, nous cherchons des outils de gestion de projet.",20/01/2024
20,assistant,"Nos outils de gestion de projet incluent des fonctionnalités comme la planification, le suivi des tâches, et des rapports personnalisés. Voulez-vous une démonstration ?",20/01/2024
20,user,"Oui, s'il vous plaît.",20/01/2024
20,assistant,"Parfait. Puis-je avoir votre adresse email pour organiser cela ?",20/01/2024
20,user,"Mon email est smallbiz@example.com.",20/01/2024
20,assistant,"Merci. Nous vous contacterons sous peu pour planifier la démonstration.",20/01/2024
20,user,"Merci beaucoup.",20/01/2024
20,assistant,"Avec plaisir ! Bonne journée.",20/01/2024

21,assistant,"Bonjour ! Comment puis-je vous aider aujourd'hui ?",21/01/2024
21,user,"Bonjour, je n'arrive pas à accéder à mon compte.",21/01/2024
21,assistant,"Je suis désolé pour cela. Avez-vous essayé de réinitialiser votre mot de passe ?",21/01/2024
21,user,"Oui, mais je n'ai pas reçu l'email de réinitialisation.",21/01/2024
21,assistant,"Pouvez-vous vérifier votre dossier de spam ? Parfois, les emails y sont redirigés.",21/01/2024
21,user,"Rien dans le spam non plus.",21/01/2024
21,assistant,"Je vais escalader cela à notre équipe technique. Puis-je avoir votre adresse email ?",21/01/2024
21,user,"C'est inaccessible@example.com.",21/01/2024
21,assistant,"Merci. Notre équipe technique va examiner votre problème et vous contacter sous peu.",21/01/2024
21,user,"Merci, j'attends votre retour.",21/01/2024

22,assistant,"Bonjour ! Comment puis-je vous aider aujourd'hui ?",22/01/2024
22,user,"Bonjour, j'aimerais savoir comment configurer des alertes personnalisées.",22/01/2024
22,assistant,"Bien sûr ! Pour configurer des alertes personnalisées, allez dans les paramètres de votre compte et sélectionnez 'Alertes'.",22/01/2024
22,user,"Puis-je choisir les types d'alertes que je reçois ?",22/01/2024
22,assistant,"Oui, vous pouvez personnaliser les types d'alertes et les canaux par lesquels vous les recevez, comme par email ou SMS.",22/01/2024
22,user,"Merci, c'est très utile.",22/01/2024
22,assistant,"Avec plaisir ! Si vous avez d'autres questions, n'hésitez pas.",22/01/2024

23,assistant,"Bonjour ! Comment puis-je vous aider aujourd'hui ?",23/01/2024
23,user,"Bonjour, je suis très mécontent du service client que j'ai reçu.",23/01/2024
23,assistant,"Je suis désolé d'entendre cela. Pouvez-vous me donner plus de détails sur ce qui s'est passé ?",23/01/2024
23,user,"J'ai été mis en attente pendant 30 minutes et mon problème n'a pas été résolu.",23/01/2024
23,assistant,"Je comprends votre frustration. Puis-je avoir votre numéro de ticket pour que je puisse examiner cela ?",23/01/2024
23,user,"C'est le 98765.",23/01/2024
23,assistant,"Merci. Je vais examiner cela immédiatement et faire le suivi pour vous.",23/01/2024
23,user,"Merci, j'espère que cela sera résolu rapidement.",23/01/2024

24,assistant,"Bonjour ! Comment puis-je vous aider aujourd'hui ?",24/01/2024
24,user,"Bonjour, je voudrais savoir comment annuler mon abonnement.",24/01/2024
24,assistant,"Pour annuler votre abonnement, allez dans 'Paramètres de compte' et sélectionnez 'Annuler l'abonnement'.",24/01/2024
24,user,"Y a-t-il des frais d'annulation ?",24/01/2024
24,assistant,"Non, il n'y a pas de frais d'annulation. Vous pouvez annuler à tout moment.",24/01/2024
24,user,"Merci pour l'information.",24/01/2024
24,assistant,"Avec plaisir. Si vous avez d'autres questions, nous sommes là pour vous aider.",24/01/2024

25,assistant,"Bonjour ! Comment puis-je vous aider aujourd'hui ?",25/01/2024
25,user,"Bonjour, j'ai une suggestion pour améliorer votre service.",25/01/2024
25,assistant,"Nous sommes toujours ouverts aux suggestions. Quel est votre retour ?",25/01/2024
25,user,"Ce serait bien d'avoir une option de chat en direct avec le support.",25/01/2024
25,assistant,"Merci pour votre suggestion. Nous allons la transmettre à notre équipe de développement.",25/01/2024
25,user,"Merci de m'avoir écouté.",25/01/2024
25,assistant,"Avec plaisir. Vos retours sont précieux pour nous.",25/01/2024

26,assistant,"Bonjour ! Comment puis-je vous aider aujourd'hui ?",26/01/2024
26,user,"Bonjour, je suis perdu avec la nouvelle interface utilisateur.",26/01/2024
26,assistant,"Je comprends. Avez-vous consulté notre guide de l'utilisateur mis à jour ?",26/01/2024
26,user,"Non, où puis-je le trouver ?",26/01/2024
26,assistant,"Vous pouvez trouver le guide dans la section 'Aide' de notre site web.",26/01/2024
26,user,"Merci, je vais le consulter.",26/01/2024
26,assistant,"Avec plaisir. N'hésitez pas à nous contacter si vous avez d'autres questions.",26/01/2024

27,assistant,"Bonjour ! Comment puis-je vous aider aujourd'hui ?",27/01/2024
27,user,"Bonjour, ma commande est arrivée endommagée.",27/01/2024
27,assistant,"Je suis désolé pour cela. Pouvez-vous me donner votre numéro de commande ?",27/01/2024
27,user,"Oui, c'est 54321.",27/01/2024
27,assistant,"Merci. Nous allons envoyer un remplacement immédiatement.",27/01/2024
27,user,"Merci pour votre aide rapide.",27/01/2024
27,assistant,"Avec plaisir. Désolé pour l'inconvénient.",27/01/2024

28,assistant,"Bonjour ! Comment puis-je vous aider aujourd'hui ?",28/01/2024
28,user,"Bonjour, pouvez-vous me dire comment télécharger vos rapports mensuels ?",28/01/2024
28,assistant,"Bien sûr. Allez dans la section 'Rapports' de votre tableau de bord et sélectionnez 'Télécharger'.",28/01/2024
28,user,"Y a-t-il un format spécifique pour les rapports ?",28/01/2024
28,assistant,"Les rapports sont disponibles en PDF et Excel.",28/01/2024
28,user,"Parfait, merci.",28/01/2024
28,assistant,"Avec plaisir ! Si vous avez d'autres questions, n'hésitez pas.",28/01/2024

29,assistant,"Bonjour ! Comment puis-je vous aider aujourd'hui ?",29/01/2024
29,user,"Bonjour, pouvez-vous me donner des informations sur la formation en ligne que vous proposez ?",29/01/2024
29,assistant,"Nous offrons des formations en ligne dans plusieurs domaines. Quel sujet vous intéresse ?",29/01/2024
29,user,"Je suis intéressé par la formation en cybersécurité.",29/01/2024
29,assistant,"Notre formation en cybersécurité couvre les bases, les meilleures pratiques et des ateliers pratiques. Voulez-vous vous inscrire ?",29/01/2024
29,user,"Oui, comment puis-je m'inscrire ?",29/01/2024
29,assistant,"Allez sur notre site web, section 'Formations' et sélectionnez 'Cybersécurité'.",29/01/2024
29,user,"Merci pour les informations.",29/01/2024
29,assistant,"Avec plaisir. Bonne formation !",29/01/2024

30,assistant,"Bonjour ! Comment puis-je vous aider aujourd'hui ?",30/01/2024
30,user,"Bonjour, j'ai des suggestions pour améliorer la sécurité de votre site web.",30/01/2024
30,assistant,"Nous apprécions votre souci pour la sécurité. Quelles sont vos suggestions ?",30/01/2024
30,user,"Il serait bien d'ajouter une vérification en deux étapes pour les connexions.",30/01/2024
30,assistant,"Merci pour votre suggestion. Nous allons la transmettre à notre équipe technique.",30/01/2024
30,user,"Merci d'en tenir compte.",30/01/2024
30,assistant,"Avec plaisir. La sécurité est notre priorité.",30/01/2024

31,assistant,"Bonjour ! Comment puis-je vous aider aujourd'hui ?",31/01/2024
31,user,"Bonjour, votre logiciel ne fonctionne pas correctement après la mise à jour.",31/01/2024
31,assistant,"Je suis désolé d'apprendre cela. Pouvez-vous décrire le problème que vous rencontrez ?",31/01/2024
31,user,"L'application se ferme immédiatement après l'ouverture.",31/01/2024
31,assistant,"Je comprends. Avez-vous essayé de redémarrer votre appareil ?",31/01/2024
31,user,"Oui, sans succès.",31/01/2024
31,assistant,"Je vais escalader cela à notre équipe technique. Pouvez-vous me fournir votre numéro de version ?",31/01/2024
31,user,"C'est la version 4.2.1.",31/01/2024
31,assistant,"Merci. Nous allons analyser le problème et vous contacter dès que possible.",31/01/2024
31,user,"D'accord, merci.",31/01/2024

32,assistant,"Bonjour ! Comment puis-je vous aider aujourd'hui ?",01/02/2024
32,user,"Bonjour, je souhaite changer mon adresse de facturation.",01/02/2024
32,assistant,"Bien sûr. Pour changer votre adresse de facturation, allez dans 'Paramètres de compte' puis 'Informations de facturation'.",01/02/2024
32,user,"Est-ce que le changement sera immédiat ?",01/02/2024
32,assistant,"Oui, le changement sera effectif immédiatement après la sauvegarde.",01/02/2024
32,user,"Merci pour l'information.",01/02/2024
32,assistant,"Avec plaisir. Si vous avez d'autres questions, nous sommes là pour vous aider.",01/02/2024

33,assistant,"Bonjour ! Comment puis-je vous aider aujourd'hui ?",02/02/2024
33,user,"Bonjour, je voudrais savoir comment optimiser les performances de votre logiciel.",02/02/2024
33,assistant,"Certainement. Pour optimiser les performances, assurez-vous que votre système répond aux exigences minimales et que vous avez la dernière version installée.",02/02/2024
33,user,"D'accord, je vais vérifier cela. Y a-t-il d'autres astuces ?",02/02/2024
33,assistant,"Vous pouvez également essayer de fermer les applications inutiles et de redémarrer régulièrement votre système.",02/02/2024
33,user,"Merci, je vais essayer.",02/02/2024
33,assistant,"Avec plaisir. N'hésitez pas à nous recontacter si vous avez d'autres questions.",02/02/2024

34,assistant,"Bonjour ! Comment puis-je vous aider aujourd'hui ?",03/02/2024
34,user,"Bonjour, mon paiement a été refusé. Que dois-je faire ?",03/02/2024
34,assistant,"Je suis désolé pour cela. Pouvez-vous vérifier les détails de votre carte et réessayer ?",03/02/2024
34,user,"J'ai déjà vérifié, tout semble correct.",03/02/2024
34,assistant,"Il peut y avoir un problème avec votre banque. Pouvez-vous essayer une autre méthode de paiement ?",03/02/2024
34,user,"Je vais essayer avec PayPal.",03/02/2024
34,assistant,"Merci. Faites-nous savoir si le problème persiste.",03/02/2024
34,user,"D'accord, je vous tiendrai informé.",03/02/2024

35,assistant,"Bonjour ! Comment puis-je vous aider aujourd'hui ?",04/02/2024
35,user,"Bonjour, je ne suis pas satisfait de la dernière mise à jour.",04/02/2024
35,assistant,"Je suis désolé d'apprendre cela. Pouvez-vous me dire ce qui ne vous satisfait pas ?",04/02/2024
35,user,"L'interface est devenue plus compliquée et certaines fonctionnalités ont disparu.",04/02/2024
35,assistant,"Merci pour votre retour. Nous travaillons continuellement à améliorer notre produit. Je vais transmettre vos remarques à l'équipe de développement.",04/02/2024
35,user,"J'espère que vous allez rectifier cela rapidement.",04/02/2024
35,assistant,"Nous faisons de notre mieux pour répondre aux attentes de nos utilisateurs. Merci pour votre patience.",04/02/2024

36,assistant,"Bonjour ! Comment puis-je vous aider aujourd'hui ?",05/02/2024
36,user,"Bonjour, j'ai besoin d'un remboursement pour un achat que j'ai effectué par erreur.",05/02/2024
36,assistant,"D'accord. Pouvez-vous me donner votre numéro de commande ?",05/02/2024
36,user,"Oui, c'est le 45678.",05/02/2024
36,assistant,"Merci. Nous allons traiter votre demande de remboursement. Cela peut prendre jusqu'à 5 jours ouvrables.",05/02/2024
36,user,"Merci pour votre aide.",05/02/2024
36,assistant,"Avec plaisir. Désolé pour l'inconvénient.",05/02/2024

37,assistant,"Bonjour ! Comment puis-je vous aider aujourd'hui ?",06/02/2024
37,user,"Bonjour, j'aimerais savoir comment activer la double authentification.",06/02/2024
37,assistant,"Pour activer la double authentification, allez dans 'Paramètres de compte' et sélectionnez 'Sécurité'.",06/02/2024
37,user,"Est-ce que je vais recevoir un code par SMS ?",06/02/2024
37,assistant,"Oui, vous recevrez un code par SMS à chaque connexion.",06/02/2024
37,user,"Merci, je vais le faire tout de suite.",06/02/2024
37,assistant,"Avec plaisir. Votre sécurité est notre priorité.",06/02/2024

38,assistant,"Bonjour ! Comment puis-je vous aider aujourd'hui ?",07/02/2024
38,user,"Bonjour, je rencontre des problèmes avec les notifications.",07/02/2024
38,assistant,"Je suis désolé pour cela. Pouvez-vous vérifier si les notifications sont activées dans les paramètres de votre appareil ?",07/02/2024
38,user,"Oui, elles sont activées, mais je ne reçois rien.",07/02/2024
38,assistant,"Essayez de désactiver et réactiver les notifications. Si le problème persiste, réinstallez l'application.",07/02/2024
38,user,"D'accord, je vais essayer cela.",07/02/2024
38,assistant,"Faites-nous savoir si vous avez besoin de plus d'aide.",07/02/2024

39,assistant,"Bonjour ! Comment puis-je vous aider aujourd'hui ?",08/02/2024
39,user,"Bonjour, je voudrais ajouter un utilisateur à notre compte entreprise.",08/02/2024
39,assistant,"Bien sûr. Allez dans 'Gestion des utilisateurs' et cliquez sur 'Ajouter un utilisateur'.",08/02/2024
39,user,"Y a-t-il un coût supplémentaire pour ajouter un utilisateur ?",08/02/2024
39,assistant,"Cela dépend de votre abonnement. Les utilisateurs supplémentaires peuvent entraîner des frais supplémentaires.",08/02/2024
39,user,"Merci pour l'information.",08/02/2024
39,assistant,"Avec plaisir. Si vous avez d'autres questions, n'hésitez pas.",08/02/2024

40,assistant,"Bonjour ! Comment puis-je vous aider aujourd'hui ?",09/02/2024
40,user,"Bonjour, j'ai besoin d'aide pour configurer l'intégration avec un autre logiciel.",09/02/2024
40,assistant,"D'accord. Quel logiciel souhaitez-vous intégrer ?",09/02/2024
40,user,"Nous utilisons Salesforce.",09/02/2024
40,assistant,"Nous avons un guide d'intégration pour Salesforce. Voulez-vous que je vous l'envoie par email ?",09/02/2024
40,user,"Oui, envoyez-le à integration@example.com.",09/02/2024
40,assistant,"Merci. Vous recevrez le guide sous peu.",09/02/2024
40,user,"Parfait, merci.",09/02/2024
40,assistant,"Avec plaisir. Bonne intégration !",09/02/2024

41,assistant,"Bonjour ! Comment puis-je vous aider aujourd'hui ?",10/02/2024
41,user,"Bonjour, j'aimerais obtenir une démo de votre produit.",10/02/2024
41,assistant,"Certainement. Pouvez-vous me donner votre adresse email pour planifier une démo ?",10/02/2024
41,user,"Oui, c'est demo@example.com.",10/02/2024
41,assistant,"Merci. Nous vous contacterons sous peu pour organiser la démo.",10/02/2024
41,user,"Merci, j'attends votre retour.",10/02/2024
41,assistant,"Avec plaisir. À bientôt.",10/02/2024

42,assistant,"Bonjour ! Comment puis-je vous aider aujourd'hui ?",11/02/2024
42,user,"Bonjour, mon logiciel est bloqué sur l'écran de chargement.",11/02/2024
42,assistant,"Je suis désolé pour cela. Avez-vous essayé de redémarrer votre appareil ?",11/02/2024
42,user,"Oui, mais cela ne change rien.",11/02/2024
42,assistant,"Je vais transmettre cette information à notre équipe technique. Pouvez-vous me donner votre numéro de version et votre système d'exploitation ?",11/02/2024
42,user,"Version 3.5.1, Windows 10.",11/02/2024
42,assistant,"Merci. Nous allons examiner cela et revenir vers vous rapidement.",11/02/2024
42,user,"Merci pour votre aide.",11/02/2024

43,assistant,"Bonjour ! Comment puis-je vous aider aujourd'hui ?",12/02/2024
43,user,"Bonjour, je voudrais savoir si votre produit est conforme aux normes GDPR.",12/02/2024
43,assistant,"Oui, notre produit est conforme aux normes GDPR. Nous prenons la protection des données très au sérieux.",12/02/2024
43,user,"Pouvez-vous me fournir plus de détails sur les mesures de conformité ?",12/02/2024
43,assistant,"Bien sûr. Nous avons des politiques strictes de gestion des données, un cryptage robuste, et des contrôles réguliers de conformité. Voulez-vous que je vous envoie notre documentation complète ?",12/02/2024
43,user,"Oui, envoyez-la à compliance@example.com.",12/02/2024
43,assistant,"Merci. Vous recevrez la documentation sous peu.",12/02/2024
43,user,"Parfait, merci.",12/02/2024

44,assistant,"Bonjour ! Comment puis-je vous aider aujourd'hui ?",13/02/2024
44,user,"Bonjour, j'ai un problème avec votre service client.",13/02/2024
44,assistant,"Je suis désolé d'apprendre cela. Pouvez-vous me dire ce qui s'est passé ?",13/02/2024
44,user,"J'ai contacté le support et je n'ai reçu aucune réponse depuis trois jours.",13/02/2024
44,assistant,"Je comprends votre frustration. Pouvez-vous me donner votre numéro de ticket pour que je puisse vérifier cela ?",13/02/2024
44,user,"Oui, c'est le 7890.",13/02/2024
44,assistant,"Merci. Je vais m'assurer que votre demande soit traitée en priorité.",13/02/2024
44,user,"Merci de votre aide.",13/02/2024
44,assistant,"Avec plaisir. Nous allons résoudre cela rapidement.",13/02/2024

45,assistant,"Bonjour ! Comment puis-je vous aider aujourd'hui ?",14/02/2024
45,user,"Bonjour, je veux annuler mon abonnement.",14/02/2024
45,assistant,"Je suis désolé de l'entendre. Pouvez-vous me dire pourquoi vous souhaitez annuler ?",14/02/2024
45,user,"Je ne trouve plus le service utile.",14/02/2024
45,assistant,"Je comprends. Pour annuler votre abonnement, allez dans 'Paramètres de compte' et sélectionnez 'Annuler l'abonnement'.",14/02/2024
45,user,"D'accord, merci pour l'information.",14/02/2024
45,assistant,"Avec plaisir. Si vous changez d'avis, nous serons heureux de vous accueillir à nouveau.",14/02/2024

46,assistant,"Bonjour ! Comment puis-je vous aider aujourd'hui ?",15/02/2024
46,user,"Bonjour, votre logiciel consomme beaucoup trop de ressources.",15/02/2024
46,assistant,"Je suis désolé pour cela. Pouvez-vous me dire quelle version vous utilisez ?",15/02/2024
46,user,"Version 2.3.4.",15/02/2024
46,assistant,"Merci. Nous allons analyser ce problème. En attendant, essayez de réduire le nombre de programmes en cours d'exécution.",15/02/2024
46,user,"D'accord, je vais essayer cela.",15/02/2024
46,assistant,"Faites-nous savoir si cela aide.",15/02/2024

47,assistant,"Bonjour ! Comment puis-je vous aider aujourd'hui ?",16/02/2024
47,user,"Bonjour, je voudrais savoir comment sauvegarder mes données.",16/02/2024
47,assistant,"Pour sauvegarder vos données, allez dans 'Paramètres' puis 'Sauvegarde'. Vous pouvez choisir de sauvegarder sur le cloud ou localement.",16/02/2024
47,user,"Y a-t-il un coût pour la sauvegarde sur le cloud ?",16/02/2024
47,assistant,"Oui, il y a un coût supplémentaire pour la sauvegarde sur le cloud en fonction de la capacité utilisée.",16/02/2024
47,user,"Merci pour l'information.",16/02/2024
47,assistant,"Avec plaisir. N'hésitez pas si vous avez d'autres questions.",16/02/2024

48,assistant,"Bonjour ! Comment puis-je vous aider aujourd'hui ?",17/02/2024
48,user,"Bonjour, j'ai besoin d'aide pour configurer les alertes dans votre logiciel.",17/02/2024
48,assistant,"D'accord. Pour configurer les alertes, allez dans 'Paramètres' et sélectionnez 'Alertes'. Vous pouvez définir des alertes pour différents événements.",17/02/2024
48,user,"Pouvez-vous me donner un exemple d'alerte ?",17/02/2024
48,assistant,"Bien sûr. Par exemple, vous pouvez configurer une alerte pour recevoir une notification lorsque votre espace de stockage atteint 80 % de capacité.",17/02/2024
48,user,"Compris, merci pour votre aide.",17/02/2024
48,assistant,"Avec plaisir. Bonne configuration.",17/02/2024

49,assistant,"Bonjour ! Comment puis-je vous aider aujourd'hui ?",18/02/2024
49,user,"Bonjour, je souhaite signaler un bug.",18/02/2024
49,assistant,"Je suis désolé pour cela. Pouvez-vous décrire le bug en détail ?",18/02/2024
49,user,"Lorsque j'essaie de sauvegarder un fichier, l'application se ferme brusquement.",18/02/2024
49,assistant,"Je comprends. Pouvez-vous me dire quelle version de l'application vous utilisez ?",18/02/2024
49,user,"Version 1.9.3.",18/02/2024
49,assistant,"Merci. Nous allons enquêter sur ce problème et revenir vers vous dès que possible.",18/02/2024
49,user,"D'accord, merci.",18/02/2024

50,assistant,"Bonjour ! Comment puis-je vous aider aujourd'hui ?",19/02/2024
50,user,"Bonjour, j'aimerais savoir comment intégrer votre logiciel avec notre CRM.",19/02/2024
50,assistant,"D'accord. Quel CRM utilisez-vous ?",19/02/2024
50,user,"Nous utilisons HubSpot.",19/02/2024
50,assistant,"Nous avons une intégration avec HubSpot. Voulez-vous que je vous envoie le guide d'intégration par email ?",19/02/2024
50,user,"Oui, envoyez-le à crm@example.com.",19/02/2024
50,assistant,"Merci. Vous recevrez le guide sous peu.",19/02/2024
50,user,"Parfait, merci.",19/02/2024
50,assistant,"Avec plaisir. Bonne intégration !",19/02/2024