id,theme,precision,pertinence,qualite,richesse,redondance,personnalisation,escalade,conversation,date
0,Service client,7,8,9,6,3,7,Non,"Assistant:
Bonjour ! Comment puis-je vous aider aujourd'hui ?

User:
Je voudrais mettre à jour notre abonnement.

Assistant:
Je peux vous aider avec cela. Quel type d'abonnement avez-vous actuellement ?

User:
Nous avons l'abonnement standard.

Assistant:
Souhaitez-vous passer à l'abonnement premium ?

User:
Oui, quelles sont les différences ?

Assistant:
L'abonnement premium offre des fonctionnalités avancées telles que le support prioritaire et des outils supplémentaires de gestion de projet. Voulez-vous procéder à la mise à jour ?

User:
Oui, faisons cela.

Assistant:
Parfait. Je vais effectuer la mise à jour immédiatement. Vous recevrez une confirmation par email.

User:
Merci beaucoup.

",2024-01-07
1,Consultation processus,8,9,7,6,3,8,Non,"Assistant:
Bonjour ! Comment puis-je vous aider aujourd'hui ?

User:
Je voudrais en savoir plus sur votre service de consultation.

Assistant:
Nous offrons des services de consultation dans divers domaines comme l'optimisation des processus, le développement stratégique et l'innovation. Quel domaine vous intéresse ?

User:
Je suis intéressé par l'optimisation des processus.

Assistant:
Nous pouvons vous aider à identifier et améliorer les inefficacités dans vos processus opérationnels. Pourriez-vous me donner plus de détails sur vos besoins spécifiques ?

User:
Nous avons des problèmes de coordination entre différents départements.

Assistant:
Nous pouvons certainement vous aider à améliorer la coordination. Puis-je avoir votre email pour organiser une consultation initiale ?

User:
Bien sûr, c'est contact@example.com.

Assistant:
Merci, nous vous contacterons pour organiser cela. Avez-vous d'autres questions ?

User:
Non, merci.

",2024-01-04
2,Gestion de projets,7,8,8,6,3,5,Renvoi email,"Assistant:
Bonjour ! Comment puis-je vous aider aujourd'hui ?

User:
Bonjour, j'ai besoin d'informations sur vos services.

Assistant:
Bien sûr ! Nous offrons une gamme de services incluant le support technique, la gestion de projets, et la consultation. Quel type de service recherchez-vous ?

User:
Je suis intéressé par la gestion de projets. Pouvez-vous m'en dire plus ?

Assistant:
Absolument. Nos services de gestion de projets incluent la planification, l'exécution, le suivi et la clôture de projets. Nous utilisons les meilleures pratiques pour garantir le succès de vos projets.

User:
Cela semble intéressant. Quels sont vos tarifs ?

Assistant:
Nos tarifs varient en fonction de la taille et de la complexité du projet. Pour un devis précis, pourriez-vous fournir plus de détails sur votre projet ?

User:
Oui, nous avons un projet de développement logiciel d'environ 6 mois.

Assistant:
Merci pour ces informations. Nous allons évaluer votre projet et vous fournir un devis détaillé. Puis-je avoir votre adresse email pour vous envoyer les détails ?

User:
Bien sûr, c'est utilisateur@example.com.

Assistant:
Merci ! Nous vous enverrons les informations sous peu. Avez-vous d'autres questions en attendant ?

User:
Non, c'est tout pour le moment. Merci beaucoup !

Assistant:
Avec plaisir ! Bonne journée.

",2024-01-01
3,Technologie de l'information,8,9,7,6,2,8,Non,"Assistant:
Bonjour ! Comment puis-je vous aider aujourd'hui ?

User:
Je voudrais savoir si vous offrez des formations pour les nouvelles technologies.

Assistant:
Oui, nous offrons des formations sur diverses technologies émergentes. Quelle technologie vous intéresse ?

User:
Je suis intéressé par la blockchain.

Assistant:
Excellent choix. Nous avons des programmes de formation sur la blockchain adaptés à différents niveaux de compétence. Voulez-vous plus de détails sur ces programmes ?

User:
Oui, s'il vous plaît.

Assistant:
Nos programmes incluent des cours en ligne, des ateliers pratiques et des sessions de mentorat. Puis-je avoir votre email pour vous envoyer le catalogue de formation ?

User:
Mon email est tech@example.com.

Assistant:
Merci ! Nous vous enverrons le catalogue sous peu. Avez-vous d'autres questions ?

User:
Pas pour le moment, merci.

",2024-01-05
4,Technique,7,8,7,5,2,6,Renvoi téléphone,"Assistant:
Bonjour ! Comment puis-je vous aider aujourd'hui ?

User:
Je rencontre des problèmes techniques avec mon logiciel.

Assistant:
D'accord, quel type de problème rencontrez-vous exactement ?

User:
Le logiciel plante chaque fois que j'essaie de l'ouvrir.

Assistant:
Avez-vous essayé de redémarrer votre ordinateur et de relancer le logiciel ?

User:
Oui, mais cela n'a pas résolu le problème.

Assistant:
Je vais vous mettre en relation avec notre équipe technique spécialisée. Pouvez-vous me donner votre numéro de téléphone ?

User:
Oui, c'est le 0123456789.

Assistant:
Merci. Un technicien vous contactera sous peu pour résoudre le problème.

",2024-01-03
5,Gestion de projet,7,8,8,6,2,8,Renvoi email,"Assistant:
Bonjour ! Comment puis-je vous aider aujourd'hui ?

User:
Bonjour, pouvez-vous me donner des informations sur vos offres pour les petites entreprises ?

Assistant:
Bien sûr ! Nous offrons des solutions adaptées aux petites entreprises, incluant des outils de gestion, de facturation et de collaboration. Cherchez-vous quelque chose de spécifique ?

User:
Oui, nous cherchons des outils de gestion de projet.

Assistant:
Nos outils de gestion de projet incluent des fonctionnalités comme la planification, le suivi des tâches, et des rapports personnalisés. Voulez-vous une démonstration ?

User:
Oui, s'il vous plaît.

Assistant:
Parfait. Puis-je avoir votre adresse email pour organiser cela ?

User:
Mon email est smallbiz@example.com.

Assistant:
Merci. Nous vous contacterons sous peu pour planifier la démonstration.

User:
Merci beaucoup.

Assistant:
Avec plaisir ! Bonne journée.

",2024-01-20
6,Service client,8,7,8,6,4,7,Non,"Assistant:
Bonjour ! Comment puis-je vous aider aujourd'hui ?

User:
Je souhaite parler à un gestionnaire de compte.

Assistant:
Bien sûr. Puis-je connaître le sujet de votre demande afin de vous diriger vers la bonne personne ?

User:
C'est au sujet de notre contrat en cours.

Assistant:
Je vais vous mettre en relation avec notre gestionnaire de compte. Puis-je avoir votre nom et numéro de compte ?

User:
Je m'appelle Jean Dupont et notre numéro de compte est 67890.

Assistant:
Merci. Un gestionnaire de compte vous contactera sous peu.

User:
Merci beaucoup.

",2024-01-09
7,Service client,8,7,8,6,3,7,Non,"Assistant:
Bonjour ! Comment puis-je vous aider aujourd'hui ?

User:
Bonjour, j'ai besoin d'aide pour configurer les alertes dans votre logiciel.

Assistant:
D'accord. Pour configurer les alertes, allez dans 'Paramètres' et sélectionnez 'Alertes'. Vous pouvez définir des alertes pour différents événements.

User:
Pouvez-vous me donner un exemple d'alerte ?

Assistant:
Bien sûr. Par exemple, vous pouvez configurer une alerte pour recevoir une notification lorsque votre espace de stockage atteint 80 % de capacité.

User:
Compris, merci pour votre aide.

Assistant:
Avec plaisir. Bonne configuration.

",2024-02-17
8,Service client,8,7,8,5,2,6,Non,"Assistant:
Bonjour ! Comment puis-je vous aider aujourd'hui ?

User:
Bonjour, j'ai besoin d'un remboursement pour un achat que j'ai effectué par erreur.

Assistant:
D'accord. Pouvez-vous me donner votre numéro de commande ?

User:
Oui, c'est le 45678.

Assistant:
Merci. Nous allons traiter votre demande de remboursement. Cela peut prendre jusqu'à 5 jours ouvrables.

User:
Merci pour votre aide.

Assistant:
Avec plaisir. Désolé pour l'inconvénient.

",2024-02-05
9,Assistance technique,7,8,8,6,3,5,Renvoi email,"Assistant:
Bonjour ! Comment puis-je vous aider aujourd'hui ?

User:
Bonjour, je n'arrive pas à accéder à mon compte.

Assistant:
Je suis désolé pour cela. Avez-vous essayé de réinitialiser votre mot de passe ?

User:
Oui, mais je n'ai pas reçu l'email de réinitialisation.

Assistant:
Pouvez-vous vérifier votre dossier de spam ? Parfois, les emails y sont redirigés.

User:
Rien dans le spam non plus.

Assistant:
Je vais escalader cela à notre équipe technique. Puis-je avoir votre adresse email ?

User:
C'est inaccessible@example.com.

Assistant:
Merci. Notre équipe technique va examiner votre problème et vous contacter sous peu.

User:
Merci, j'attends votre retour.

",2024-01-21
10,Interface utilisateur,7,8,7,6,2,5,Non,"Assistant:
Bonjour ! Comment puis-je vous aider aujourd'hui ?

User:
Bonjour, je ne suis pas satisfait de la dernière mise à jour.

Assistant:
Je suis désolé d'apprendre cela. Pouvez-vous me dire ce qui ne vous satisfait pas ?

User:
L'interface est devenue plus compliquée et certaines fonctionnalités ont disparu.

Assistant:
Merci pour votre retour. Nous travaillons continuellement à améliorer notre produit. Je vais transmettre vos remarques à l'équipe de développement.

User:
J'espère que vous allez rectifier cela rapidement.

Assistant:
Nous faisons de notre mieux pour répondre aux attentes de nos utilisateurs. Merci pour votre patience.

",2024-02-04
11,Support technique,8,7,7,5,3,6,Renvoi téléphone,"Assistant:
Bonjour ! Comment puis-je vous aider aujourd'hui ?

User:
Bonjour, votre logiciel ne fonctionne pas correctement après la mise à jour.

Assistant:
Je suis désolé d'apprendre cela. Pouvez-vous décrire le problème que vous rencontrez ?

User:
L'application se ferme immédiatement après l'ouverture.

Assistant:
Je comprends. Avez-vous essayé de redémarrer votre appareil ?

User:
Oui, sans succès.

Assistant:
Je vais escalader cela à notre équipe technique. Pouvez-vous me fournir votre numéro de version ?

User:
C'est la version 4.2.1.

Assistant:
Merci. Nous allons analyser le problème et vous contacter dès que possible.

User:
D'accord, merci.

",2024-01-31
12,service client,8,8,9,5,2,10,Non,"Assistant:
Bonjour ! Comment puis-je vous aider aujourd'hui ?

User:
Bonjour, j'aimerais savoir comment configurer des alertes personnalisées.

Assistant:
Bien sûr ! Pour configurer des alertes personnalisées, allez dans les paramètres de votre compte et sélectionnez 'Alertes'.

User:
Puis-je choisir les types d'alertes que je reçois ?

Assistant:
Oui, vous pouvez personnaliser les types d'alertes et les canaux par lesquels vous les recevez, comme par email ou SMS.

User:
Merci, c'est très utile.

Assistant:
Avec plaisir ! Si vous avez d'autres questions, n'hésitez pas.

",2024-01-22
13,Service client,7,8,8,6,2,5,Non,"Assistant:
Bonjour ! Comment puis-je vous aider aujourd'hui ?

User:
Bonjour, j'ai des questions sur la facturation de votre service.

Assistant:
Bien sûr. Quelle est votre question spécifique ?

User:
Pouvez-vous m'expliquer comment fonctionne la facturation mensuelle ?

Assistant:
Nous facturons nos services sur une base mensuelle, à partir de la date de votre inscription. Vous recevrez une facture détaillée par email chaque mois.

User:
Comment puis-je modifier mon mode de paiement ?

Assistant:
Pour modifier votre mode de paiement, connectez-vous à votre compte, allez dans 'Paramètres de facturation' et sélectionnez 'Modifier le mode de paiement'.

User:
Merci, je vais faire cela.

Assistant:
Avec plaisir ! Si vous avez d'autres questions, n'hésitez pas.

",2024-01-14
14,Service client,8,9,9,6,2,7,Non,"Assistant:
Bonjour ! Comment puis-je vous aider aujourd'hui ?

User:
Bonjour, je voudrais savoir comment annuler mon abonnement.

Assistant:
Pour annuler votre abonnement, allez dans 'Paramètres de compte' et sélectionnez 'Annuler l'abonnement'.

User:
Y a-t-il des frais d'annulation ?

Assistant:
Non, il n'y a pas de frais d'annulation. Vous pouvez annuler à tout moment.

User:
Merci pour l'information.

Assistant:
Avec plaisir. Si vous avez d'autres questions, nous sommes là pour vous aider.

",2024-01-24
15,Support client,8,9,8,6,2,7,Renvoi email,"Assistant:
Bonjour ! Comment puis-je vous aider aujourd'hui ?

User:
Je voudrais des informations sur les mises à jour de sécurité pour votre logiciel.

Assistant:
Nous publions régulièrement des mises à jour de sécurité pour garantir la protection de vos données. Voulez-vous savoir comment les installer ?

User:
Oui, ce serait utile.

Assistant:
Pour installer les mises à jour, allez dans le menu 'Paramètres' de votre logiciel et sélectionnez 'Mises à jour'. Puis-je vous envoyer un guide détaillé par email ?

User:
Oui, mon email est secure@example.com.

Assistant:
Merci. Vous recevrez le guide sous peu. Avez-vous d'autres questions ?

User:
Non, c'est tout. Merci.

Assistant:
Avec plaisir ! Bonne journée.

",2024-01-10
16,Service client,8,9,8,5,2,4,Non,"Assistant:
Bonjour ! Comment puis-je vous aider aujourd'hui ?

User:
Bonjour, ma commande est arrivée endommagée.

Assistant:
Je suis désolé pour cela. Pouvez-vous me donner votre numéro de commande ?

User:
Oui, c'est 54321.

Assistant:
Merci. Nous allons envoyer un remplacement immédiatement.

User:
Merci pour votre aide rapide.

Assistant:
Avec plaisir. Désolé pour l'inconvénient.

",2024-01-27
17,Service client,8,7,9,4,2,6,Non,"Assistant:
Bonjour ! Comment puis-je vous aider aujourd'hui ?

User:
Bonjour, je souhaite changer mon adresse de facturation.

Assistant:
Bien sûr. Pour changer votre adresse de facturation, allez dans 'Paramètres de compte' puis 'Informations de facturation'.

User:
Est-ce que le changement sera immédiat ?

Assistant:
Oui, le changement sera effectif immédiatement après la sauvegarde.

User:
Merci pour l'information.

Assistant:
Avec plaisir. Si vous avez d'autres questions, nous sommes là pour vous aider.

",2024-02-01
18,Service client,8,7,8,6,2,5,Non,"Assistant:
Bonjour ! Comment puis-je vous aider aujourd'hui ?

User:
Bonjour, je veux annuler mon abonnement.

Assistant:
Je suis désolé de l'entendre. Pouvez-vous me dire pourquoi vous souhaitez annuler ?

User:
Je ne trouve plus le service utile.

Assistant:
Je comprends. Pour annuler votre abonnement, allez dans 'Paramètres de compte' et sélectionnez 'Annuler l'abonnement'.

User:
D'accord, merci pour l'information.

Assistant:
Avec plaisir. Si vous changez d'avis, nous serons heureux de vous accueillir à nouveau.

",2024-02-14
19,Service client,8,7,8,6,2,5,Non,"Assistant:
Bonjour ! Comment puis-je vous aider aujourd'hui ?

User:
Je cherche des informations sur vos politiques de retour.

Assistant:
Nos politiques de retour sont assez flexibles. Quel produit souhaitez-vous retourner ?

User:
Je veux retourner un logiciel que nous avons acheté la semaine dernière.

Assistant:
Vous pouvez retourner le logiciel dans les 30 jours suivant l'achat pour un remboursement complet. Avez-vous le numéro de commande ?

User:
Oui, c'est 12345.

Assistant:
Merci. Nous allons traiter votre demande de retour. Vous recevrez une confirmation par email.

User:
Merci.

",2024-01-08
20,Service client,8,7,9,6,3,7,Non,"Assistant:
Bonjour ! Comment puis-je vous aider aujourd'hui ?

User:
Bonjour, j'ai une suggestion pour améliorer votre service.

Assistant:
Nous sommes toujours ouverts aux suggestions. Quel est votre retour ?

User:
Ce serait bien d'avoir une option de chat en direct avec le support.

Assistant:
Merci pour votre suggestion. Nous allons la transmettre à notre équipe de développement.

User:
Merci de m'avoir écouté.

Assistant:
Avec plaisir. Vos retours sont précieux pour nous.

",2024-01-25
21,Service client,8,7,8,6,3,7,Renvoi email,"Assistant:
Bonjour ! Comment puis-je vous aider aujourd'hui ?

User:
Bonjour, j'ai un problème avec votre service client.

Assistant:
Je suis désolé d'apprendre cela. Pouvez-vous me dire ce qui s'est passé ?

User:
J'ai contacté le support et je n'ai reçu aucune réponse depuis trois jours.

Assistant:
Je comprends votre frustration. Pouvez-vous me donner votre numéro de ticket pour que je puisse vérifier cela ?

User:
Oui, c'est le 7890.

Assistant:
Merci. Je vais m'assurer que votre demande soit traitée en priorité.

User:
Merci de votre aide.

Assistant:
Avec plaisir. Nous allons résoudre cela rapidement.

",2024-02-13
22,Sécurité des données,8,7,8,6,3,7,Renvoi email,"Assistant:
Bonjour ! Comment puis-je vous aider aujourd'hui ?

User:
Bonjour, nous avons besoin d'une solution pour sécuriser nos données sensibles.

Assistant:
Nous offrons plusieurs solutions de sécurité, y compris le chiffrement des données et l'authentification à deux facteurs. Avez-vous des exigences spécifiques ?

User:
Oui, nous voulons surtout protéger nos données financières.

Assistant:
Pour les données financières, nous recommandons notre solution de chiffrement avancé. Puis-je organiser une démonstration pour vous ?

User:
Oui, ce serait utile.

Assistant:
Parfait. Puis-je avoir votre adresse email pour organiser cela ?

User:
Mon email est finance@example.com.

Assistant:
Merci. Nous vous contacterons sous peu pour planifier la démonstration.

User:
Merci beaucoup.

Assistant:
Avec plaisir ! Bonne journée.

",2024-01-16
23,service client,8,9,8,7,2,6,Renvoi email,"Assistant:
Bonjour ! Comment puis-je vous aider aujourd'hui ?

User:
Bonjour, pouvez-vous me donner des informations sur votre programme de partenariat ?

Assistant:
Bien sûr ! Notre programme de partenariat offre des avantages exclusifs, des commissions sur les ventes et un soutien marketing. Êtes-vous intéressé par un partenariat commercial ou technologique ?

User:
Je suis intéressé par un partenariat commercial.

Assistant:
Excellent. Je vais vous envoyer les détails par email. Puis-je avoir votre adresse email ?

User:
Oui, c'est partenaire@example.com.

Assistant:
Merci. Vous recevrez les informations sous peu.

User:
Merci beaucoup.

Assistant:
Avec plaisir ! Bonne journée.

",2024-01-15
24,Technique,8,7,8,6,2,4,Renvoi email,"Assistant:
Bonjour ! Comment puis-je vous aider aujourd'hui ?

User:
Bonjour, mon logiciel est bloqué sur l'écran de chargement.

Assistant:
Je suis désolé pour cela. Avez-vous essayé de redémarrer votre appareil ?

User:
Oui, mais cela ne change rien.

Assistant:
Je vais transmettre cette information à notre équipe technique. Pouvez-vous me donner votre numéro de version et votre système d'exploitation ?

User:
Version 3.5.1, Windows 10.

Assistant:
Merci. Nous allons examiner cela et revenir vers vous rapidement.

User:
Merci pour votre aide.

",2024-02-11
25,Service client,8,7,8,5,2,6,Renvoi email,"Assistant:
Bonjour ! Comment puis-je vous aider aujourd'hui ?

User:
Bonjour, nous envisageons de migrer nos données vers votre service cloud. Pouvez-vous nous guider ?

Assistant:
Absolument. Nous avons un service de migration dédié qui vous accompagnera tout au long du processus. Avez-vous déjà un compte chez nous ?

User:
Oui, nous avons un compte entreprise.

Assistant:
Parfait. Je vais vous mettre en contact avec notre équipe de migration. Pourriez-vous me fournir votre adresse email ?

User:
Oui, c'est migration@example.com.

Assistant:
Merci. Notre équipe vous contactera sous peu pour planifier la migration.

User:
Merci pour votre aide.

Assistant:
Avec plaisir ! Bonne journée.

",2024-01-12
26,support technique,9,8,7,6,2,6,Renvoi email,"Assistant:
Bonjour ! Comment puis-je vous aider aujourd'hui ?

User:
Bonjour, j'ai besoin d'aide pour configurer l'intégration avec un autre logiciel.

Assistant:
D'accord. Quel logiciel souhaitez-vous intégrer ?

User:
Nous utilisons Salesforce.

Assistant:
Nous avons un guide d'intégration pour Salesforce. Voulez-vous que je vous l'envoie par email ?

User:
Oui, envoyez-le à integration@example.com.

Assistant:
Merci. Vous recevrez le guide sous peu.

User:
Parfait, merci.

Assistant:
Avec plaisir. Bonne intégration !

",2024-02-09
27,Interface Utilisateur,8,7,9,6,2,5,Non,"Assistant:
Bonjour ! Comment puis-je vous aider aujourd'hui ?

User:
Bonjour, je suis perdu avec la nouvelle interface utilisateur.

Assistant:
Je comprends. Avez-vous consulté notre guide de l'utilisateur mis à jour ?

User:
Non, où puis-je le trouver ?

Assistant:
Vous pouvez trouver le guide dans la section 'Aide' de notre site web.

User:
Merci, je vais le consulter.

Assistant:
Avec plaisir. N'hésitez pas à nous contacter si vous avez d'autres questions.

",2024-01-26
28,support client,8,9,8,6,2,7,Non,"Assistant:
Bonjour ! Comment puis-je vous aider aujourd'hui ?

User:
Bonjour, je voudrais savoir comment je peux suivre l'état de mes tickets de support.

Assistant:
Vous pouvez suivre l'état de vos tickets de support en vous connectant à votre compte et en accédant à la section 'Tickets de support'.

User:
Que faire si je n'ai pas accès à mon compte ?

Assistant:
Si vous n'avez pas accès à votre compte, vous pouvez contacter notre support par téléphone ou email pour obtenir de l'aide.

User:
Merci pour l'information.

Assistant:
Avec plaisir ! Si vous avez d'autres questions, n'hésitez pas.

",2024-01-19
29,Assistance technique,7,8,9,6,4,5,Non,"Assistant:
Bonjour ! Comment puis-je vous aider aujourd'hui ?

User:
Bonjour, pouvez-vous m'aider à configurer mon nouveau compte utilisateur ?

Assistant:
Bien sûr ! Pour commencer, allez dans les paramètres et sélectionnez 'Créer un nouveau compte'.

User:
Je suis dans les paramètres, quelle est la prochaine étape ?

Assistant:
Ensuite, entrez vos informations personnelles et suivez les instructions à l'écran.

User:
D'accord, j'ai créé le compte. Comment puis-je définir des permissions ?

Assistant:
Vous pouvez définir des permissions en accédant à la section 'Gestion des utilisateurs' et en sélectionnant le compte que vous venez de créer.

User:
Merci pour votre aide !

Assistant:
Avec plaisir ! Si vous avez d'autres questions, n'hésitez pas.

",2024-01-11
30,Information,8,8,9,6,2,5,Non,"Assistant:
Bonjour ! Comment puis-je vous aider aujourd'hui ?

User:
Bonjour, je voudrais savoir comment sauvegarder mes données.

Assistant:
Pour sauvegarder vos données, allez dans 'Paramètres' puis 'Sauvegarde'. Vous pouvez choisir de sauvegarder sur le cloud ou localement.

User:
Y a-t-il un coût pour la sauvegarde sur le cloud ?

Assistant:
Oui, il y a un coût supplémentaire pour la sauvegarde sur le cloud en fonction de la capacité utilisée.

User:
Merci pour l'information.

Assistant:
Avec plaisir. N'hésitez pas si vous avez d'autres questions.

",2024-02-16
31,Service client,8,7,6,5,3,4,Renvoi email,"Assistant:
Bonjour ! Comment puis-je vous aider aujourd'hui ?

User:
Bonjour, je suis très mécontent du service client que j'ai reçu.

Assistant:
Je suis désolé d'entendre cela. Pouvez-vous me donner plus de détails sur ce qui s'est passé ?

User:
J'ai été mis en attente pendant 30 minutes et mon problème n'a pas été résolu.

Assistant:
Je comprends votre frustration. Puis-je avoir votre numéro de ticket pour que je puisse examiner cela ?

User:
C'est le 98765.

Assistant:
Merci. Je vais examiner cela immédiatement et faire le suivi pour vous.

User:
Merci, j'espère que cela sera résolu rapidement.

",2024-01-23
32,Service client,8,7,8,6,2,5,Non,"Assistant:
Bonjour ! Comment puis-je vous aider aujourd'hui ?

User:
Bonjour, je souhaite signaler un bug.

Assistant:
Je suis désolé pour cela. Pouvez-vous décrire le bug en détail ?

User:
Lorsque j'essaie de sauvegarder un fichier, l'application se ferme brusquement.

Assistant:
Je comprends. Pouvez-vous me dire quelle version de l'application vous utilisez ?

User:
Version 1.9.3.

Assistant:
Merci. Nous allons enquêter sur ce problème et revenir vers vous dès que possible.

User:
D'accord, merci.

",2024-02-18
33,Technique,8,7,7,5,3,6,Non,"Assistant:
Bonjour ! Comment puis-je vous aider aujourd'hui ?

User:
Bonjour, je rencontre des problèmes avec les notifications.

Assistant:
Je suis désolé pour cela. Pouvez-vous vérifier si les notifications sont activées dans les paramètres de votre appareil ?

User:
Oui, elles sont activées, mais je ne reçois rien.

Assistant:
Essayez de désactiver et réactiver les notifications. Si le problème persiste, réinstallez l'application.

User:
D'accord, je vais essayer cela.

Assistant:
Faites-nous savoir si vous avez besoin de plus d'aide.

",2024-02-07
34,Service client,8,9,7,5,2,6,Non,"Assistant:
Bonjour ! Comment puis-je vous aider aujourd'hui ?

User:
Bonjour, pouvez-vous me donner des informations sur la formation en ligne que vous proposez ?

Assistant:
Nous offrons des formations en ligne dans plusieurs domaines. Quel sujet vous intéresse ?

User:
Je suis intéressé par la formation en cybersécurité.

Assistant:
Notre formation en cybersécurité couvre les bases, les meilleures pratiques et des ateliers pratiques. Voulez-vous vous inscrire ?

User:
Oui, comment puis-je m'inscrire ?

Assistant:
Allez sur notre site web, section 'Formations' et sélectionnez 'Cybersécurité'.

User:
Merci pour les informations.

Assistant:
Avec plaisir. Bonne formation !

",2024-01-29
35,Support technique,8,9,8,7,2,6,Non,"Assistant:
Bonjour ! Comment puis-je vous aider aujourd'hui ?

User:
Bonjour, je voudrais des informations sur vos offres de support technique.

Assistant:
Bien sûr ! Nous proposons plusieurs niveaux de support technique, allant de l'assistance de base à une assistance 24/7 avec des temps de réponse garantis. Quel type de support recherchez-vous ?

User:
Nous aurions besoin d'un support 24/7 pour nos serveurs.

Assistant:
Parfait. Notre support 24/7 inclut la surveillance continue des serveurs, des interventions rapides en cas de panne, et un accès prioritaire à notre équipe d'experts. Puis-je avoir votre adresse email pour vous envoyer une proposition détaillée ?

User:
Mon email est techsupport@example.com.

Assistant:
Merci. Nous vous enverrons les informations sous peu. Avez-vous d'autres questions pour le moment ?

User:
Oui, quels sont les temps de réponse que vous garantissez avec ce service ?

Assistant:
Nous garantissons un temps de réponse initial de 15 minutes pour les incidents critiques. Vous recevrez également des rapports mensuels détaillant les interventions et les performances. Est-ce que cela répond à vos attentes ?

User:
Oui, c'est exactement ce que nous recherchons. Merci pour les informations.

Assistant:
Avec plaisir ! Si vous avez d'autres questions, n'hésitez pas à nous contacter. Bonne journée.

User:
Merci, bonne journée.

",2024-01-02
36,Informatique,8,7,6,4,3,5,Non,"Assistant:
Bonjour ! Comment puis-je vous aider aujourd'hui ?

User:
Bonjour, votre logiciel consomme beaucoup trop de ressources.

Assistant:
Je suis désolé pour cela. Pouvez-vous me dire quelle version vous utilisez ?

User:
Version 2.3.4.

Assistant:
Merci. Nous allons analyser ce problème. En attendant, essayez de réduire le nombre de programmes en cours d'exécution.

User:
D'accord, je vais essayer cela.

Assistant:
Faites-nous savoir si cela aide.

",2024-02-15
37,Service client,8,9,9,7,3,6,Non,"Assistant:
Bonjour ! Comment puis-je vous aider aujourd'hui ?

User:
Bonjour, je voudrais savoir si votre application mobile est compatible avec les iPhones.

Assistant:
Oui, notre application mobile est compatible avec les iPhones et peut être téléchargée depuis l'App Store.

User:
Y a-t-il des fonctionnalités exclusives sur l'application mobile ?

Assistant:
L'application mobile inclut toutes les fonctionnalités de la version web, ainsi que des notifications push et une interface optimisée pour les appareils mobiles.

User:
C'est super. Comment puis-je synchroniser mes données avec l'application ?

Assistant:
Une fois que vous avez installé l'application, connectez-vous avec vos identifiants habituels et vos données seront automatiquement synchronisées.

User:
Merci pour l'information.

Assistant:
Avec plaisir ! Si vous avez d'autres questions, n'hésitez pas.

",2024-01-13
38,Coordination de démonstration,8,9,7,6,2,5,Renvoi email,"Assistant:
Bonjour ! Comment puis-je vous aider aujourd'hui ?

User:
Bonjour, j'aimerais obtenir une démo de votre produit.

Assistant:
Certainement. Pouvez-vous me donner votre adresse email pour planifier une démo ?

User:
Oui, c'est demo@example.com.

Assistant:
Merci. Nous vous contacterons sous peu pour organiser la démo.

User:
Merci, j'attends votre retour.

Assistant:
Avec plaisir. À bientôt.

",2024-02-10
39,Information,8,9,7,5,2,3,Non,"Assistant:
Bonjour ! Comment puis-je vous aider aujourd'hui ?

User:
Bonjour, pouvez-vous me dire comment télécharger vos rapports mensuels ?

Assistant:
Bien sûr. Allez dans la section 'Rapports' de votre tableau de bord et sélectionnez 'Télécharger'.

User:
Y a-t-il un format spécifique pour les rapports ?

Assistant:
Les rapports sont disponibles en PDF et Excel.

User:
Parfait, merci.

Assistant:
Avec plaisir ! Si vous avez d'autres questions, n'hésitez pas.

",2024-01-28
40,support technique,8,7,8,6,2,9,Renvoi email,"Assistant:
Bonjour ! Comment puis-je vous aider aujourd'hui ?

User:
Bonjour, j'ai des questions sur vos options de support pour les développeurs.

Assistant:
Nous offrons plusieurs options de support pour les développeurs, y compris des forums communautaires, une documentation détaillée et un support dédié. Quel type de support recherchez-vous ?

User:
Nous aurions besoin d'un support dédié.

Assistant:
Parfait. Nous pouvons vous offrir un support dédié avec accès direct à nos ingénieurs. Puis-je avoir votre adresse email pour envoyer les détails ?

User:
Oui, c'est devsupport@example.com.

Assistant:
Merci. Vous recevrez les informations sous peu.

User:
Merci beaucoup.

Assistant:
Avec plaisir ! Bonne journée.

",2024-01-18
41,support technique,8,7,8,5,4,6,Non,"Assistant:
Bonjour ! Comment puis-je vous aider aujourd'hui ?

User:
Bonjour, je voudrais savoir comment optimiser les performances de votre logiciel.

Assistant:
Certainement. Pour optimiser les performances, assurez-vous que votre système répond aux exigences minimales et que vous avez la dernière version installée.

User:
D'accord, je vais vérifier cela. Y a-t-il d'autres astuces ?

Assistant:
Vous pouvez également essayer de fermer les applications inutiles et de redémarrer régulièrement votre système.

User:
Merci, je vais essayer.

Assistant:
Avec plaisir. N'hésitez pas à nous recontacter si vous avez d'autres questions.

",2024-02-02
42,Service de récupération de données,8,7,9,6,2,7,Renvoi email,"Assistant:
Bonjour ! Comment puis-je vous aider aujourd'hui ?

User:
Bonjour, pouvez-vous me dire si vous offrez des services de récupération de données ?

Assistant:
Oui, nous offrons des services de récupération de données pour divers types de supports. Quel type de données devez-vous récupérer ?

User:
Nous avons perdu des fichiers importants sur notre serveur.

Assistant:
Je vais vous mettre en contact avec notre équipe de récupération de données. Pouvez-vous fournir des détails supplémentaires par email ?

User:
Oui, mon email est datarecovery@example.com.

Assistant:
Merci. Notre équipe vous contactera pour obtenir plus de détails et commencer le processus de récupération.

User:
Merci pour votre aide.

Assistant:
Avec plaisir ! Bonne journée.

",2024-01-17
43,Information,8,7,9,5,2,3,Non,"Assistant:
Bonjour ! Comment puis-je vous aider aujourd'hui ?

User:
Bonjour, je voudrais ajouter un utilisateur à notre compte entreprise.

Assistant:
Bien sûr. Allez dans 'Gestion des utilisateurs' et cliquez sur 'Ajouter un utilisateur'.

User:
Y a-t-il un coût supplémentaire pour ajouter un utilisateur ?

Assistant:
Cela dépend de votre abonnement. Les utilisateurs supplémentaires peuvent entraîner des frais supplémentaires.

User:
Merci pour l'information.

Assistant:
Avec plaisir. Si vous avez d'autres questions, n'hésitez pas.

",2024-02-08
44,Support technique,7,8,9,6,2,8,Renvoi email,"Assistant:
Bonjour ! Comment puis-je vous aider aujourd'hui ?

User:
J'ai des questions sur la compatibilité de votre logiciel avec notre système actuel.

Assistant:
Je peux certainement vous aider avec cela. Pouvez-vous me dire quel système vous utilisez actuellement ?

User:
Nous utilisons Windows 10.

Assistant:
Notre logiciel est entièrement compatible avec Windows 10. Avez-vous des préoccupations spécifiques à ce sujet ?

User:
Oui, nous avons des problèmes de performance.

Assistant:
Je vais transmettre ces informations à notre équipe technique pour une analyse approfondie. Pouvez-vous me donner votre adresse email pour un suivi ?

User:
Mon email est support@example.com.

Assistant:
Merci. Nous vous contacterons avec une solution. Avez-vous d'autres questions en attendant ?

User:
Non, merci.

",2024-01-06
45,CRM,7,8,6,4,2,3,Renvoi email,"Assistant:
Bonjour ! Comment puis-je vous aider aujourd'hui ?

User:
Bonjour, j'aimerais savoir comment intégrer votre logiciel avec notre CRM.

Assistant:
D'accord. Quel CRM utilisez-vous ?

User:
Nous utilisons HubSpot.

Assistant:
Nous avons une intégration avec HubSpot. Voulez-vous que je vous envoie le guide d'intégration par email ?

User:
Oui, envoyez-le à crm@example.com.

Assistant:
Merci. Vous recevrez le guide sous peu.

User:
Parfait, merci.

Assistant:
Avec plaisir. Bonne intégration !

",2024-02-19
46,Sécurité Web,8,9,7,5,3,6,Non,"Assistant:
Bonjour ! Comment puis-je vous aider aujourd'hui ?

User:
Bonjour, j'ai des suggestions pour améliorer la sécurité de votre site web.

Assistant:
Nous apprécions votre souci pour la sécurité. Quelles sont vos suggestions ?

User:
Il serait bien d'ajouter une vérification en deux étapes pour les connexions.

Assistant:
Merci pour votre suggestion. Nous allons la transmettre à notre équipe technique.

User:
Merci d'en tenir compte.

Assistant:
Avec plaisir. La sécurité est notre priorité.

",2024-01-30
47,Instruction,9,8,7,5,3,6,Non,"Assistant:
Bonjour ! Comment puis-je vous aider aujourd'hui ?

User:
Bonjour, j'aimerais savoir comment activer la double authentification.

Assistant:
Pour activer la double authentification, allez dans 'Paramètres de compte' et sélectionnez 'Sécurité'.

User:
Est-ce que je vais recevoir un code par SMS ?

Assistant:
Oui, vous recevrez un code par SMS à chaque connexion.

User:
Merci, je vais le faire tout de suite.

Assistant:
Avec plaisir. Votre sécurité est notre priorité.

",2024-02-06
48,Information produit,8,9,8,7,2,5,Renvoi email,"Assistant:
Bonjour ! Comment puis-je vous aider aujourd'hui ?

User:
Bonjour, je voudrais savoir si votre produit est conforme aux normes GDPR.

Assistant:
Oui, notre produit est conforme aux normes GDPR. Nous prenons la protection des données très au sérieux.

User:
Pouvez-vous me fournir plus de détails sur les mesures de conformité ?

Assistant:
Bien sûr. Nous avons des politiques strictes de gestion des données, un cryptage robuste, et des contrôles réguliers de conformité. Voulez-vous que je vous envoie notre documentation complète ?

User:
Oui, envoyez-la à compliance@example.com.

Assistant:
Merci. Vous recevrez la documentation sous peu.

User:
Parfait, merci.

",2024-02-12
49,Support client,7,8,7,5,3,6,Non,"Assistant:
Bonjour ! Comment puis-je vous aider aujourd'hui ?

User:
Bonjour, mon paiement a été refusé. Que dois-je faire ?

Assistant:
Je suis désolé pour cela. Pouvez-vous vérifier les détails de votre carte et réessayer ?

User:
J'ai déjà vérifié, tout semble correct.

Assistant:
Il peut y avoir un problème avec votre banque. Pouvez-vous essayer une autre méthode de paiement ?

User:
Je vais essayer avec PayPal.

Assistant:
Merci. Faites-nous savoir si le problème persiste.

User:
D'accord, je vous tiendrai informé.

",2024-02-03
